fixIdx,legIdx,tickLead,togo,area
79,1,4401.915118317358,15.737,149.66511402279323
80,1,4406.915118317358,15.707,132.20745354951794
81,1,4410.915118317358,15.683,105.8619628396206
82,1,4415.915118317358,15.647,158.97294425942306
83,1,4420.915118317358,15.613,150.31111402279325
84,1,4424.915118317358,15.589,106.19796283961276
85,1,4429.915118317358,15.558,137.3273686678407
86,1,4433.915118317358,15.532,115.28179307625042
87,1,4438.915118317358,15.505,119.85070819456533
